{
  "version": 1,
  "author": "Edrian Julius Mendoza",
  "editor": "wokwi",
  "parts": [
    { "type": "wokwi-breadboard-half", "id": "bb1", "top": 25.8, "left": 338.8, "attrs": {} },
    { "type": "wokwi-arduino-uno", "id": "uno", "top": 0, "left": 0, "attrs": {} },
    {
      "type": "wokwi-pushbutton-6mm",
      "id": "btn1",
      "top": 116.2,
      "left": 359.2,
      "rotate": 90,
      "attrs": { "color": "green" }
    },
    {
      "type": "wokwi-pushbutton-6mm",
      "id": "btn2",
      "top": 116.2,
      "left": 388,
      "rotate": 90,
      "attrs": { "color": "green" }
    },
    {
      "type": "wokwi-pushbutton-6mm",
      "id": "btn3",
      "top": 116.2,
      "left": 416.8,
      "rotate": 90,
      "attrs": { "color": "green" }
    },
    {
      "type": "wokwi-pushbutton-6mm",
      "id": "btn4",
      "top": 116.2,
      "left": 474.4,
      "rotate": 90,
      "attrs": { "color": "green" }
    },
    {
      "type": "wokwi-pushbutton-6mm",
      "id": "btn5",
      "top": 116.2,
      "left": 503.2,
      "rotate": 90,
      "attrs": { "color": "green" }
    },
    {
      "type": "wokwi-resistor",
      "id": "r1",
      "top": 187.2,
      "left": 354.65,
      "rotate": 90,
      "attrs": { "value": "10000" }
    },
    {
      "type": "wokwi-resistor",
      "id": "r2",
      "top": 187.2,
      "left": 383.45,
      "rotate": 90,
      "attrs": { "value": "10000" }
    },
    {
      "type": "wokwi-resistor",
      "id": "r3",
      "top": 187.2,
      "left": 412.25,
      "rotate": 90,
      "attrs": { "value": "10000" }
    },
    {
      "type": "wokwi-resistor",
      "id": "r4",
      "top": 187.2,
      "left": 469.85,
      "rotate": 90,
      "attrs": { "value": "10000" }
    },
    {
      "type": "wokwi-resistor",
      "id": "r5",
      "top": 187.2,
      "left": 498.65,
      "rotate": 90,
      "attrs": { "value": "10000" }
    },
    {
      "type": "wokwi-lcd1602",
      "id": "lcd1",
      "top": -329.6,
      "left": 168.8,
      "attrs": { "pins": "i2c" }
    },
    { "type": "wokwi-relay-module", "id": "relay1", "top": -76.6, "left": 739.2, "attrs": {} },
    { "type": "wokwi-led", "id": "led1", "top": -90, "left": 877.4, "attrs": { "color": "red" } },
    { "type": "wokwi-relay-module", "id": "relay2", "top": -143.8, "left": 739.2, "attrs": {} },
    {
      "type": "wokwi-led",
      "id": "led2",
      "top": -157.2,
      "left": 896.6,
      "attrs": { "color": "red" }
    }
  ],
  "connections": [
    [ "uno:GND.2", "bb1:bn.1", "black", [ "v0" ] ],
    [ "uno:5V", "bb1:bp.1", "red", [ "v0" ] ],
    [ "bb1:1b.j", "bb1:bp.2", "red", [ "v19.2", "h17.6" ] ],
    [ "bb1:7b.j", "bb1:bp.6", "red", [ "v0" ] ],
    [ "bb1:4b.j", "bb1:bp.4", "red", [ "v0" ] ],
    [ "bb1:13b.j", "bb1:bp.11", "red", [ "v0" ] ],
    [ "bb1:16b.j", "bb1:bp.14", "red", [ "v0" ] ],
    [ "btn1:1.l", "uno:2", "orange", [ "v-105.6", "h-144" ] ],
    [ "btn2:1.l", "uno:3", "gold", [ "v-115.2", "h-185.8" ] ],
    [ "btn3:1.l", "uno:4", "green", [ "v-124.8", "h-224.1" ] ],
    [ "btn4:1.l", "uno:5", "blue", [ "v-134.4", "h-291.2" ] ],
    [ "btn5:1.l", "uno:6", "violet", [ "v-144", "h-329.5" ] ],
    [ "lcd1:SDA", "uno:A4.2", "orange", [ "h0" ] ],
    [ "lcd1:SCL", "uno:A5.2", "gold", [ "h0" ] ],
    [ "lcd1:VCC", "uno:5V", "red", [ "h0" ] ],
    [ "lcd1:GND", "uno:GND.1", "black", [ "h0" ] ],
    [ "bb1:bp.25", "bb1:tp.25", "red", [ "h20.8", "v-174" ] ],
    [ "bb1:bn.25", "bb1:tn.25", "black", [ "h30.4", "v-174" ] ],
    [ "relay1:VCC", "bb1:tp.24", "red", [ "h0" ] ],
    [ "relay1:GND", "bb1:tn.24", "black", [ "h-105.6", "v95.7" ] ],
    [ "relay1:IN", "uno:9", "gray", [ "h0" ] ],
    [ "led1:C", "relay1:COM", "black", [ "v0" ] ],
    [ "led1:A", "bb1:tp.25", "red", [ "v86.4", "h-280" ] ],
    [ "relay1:NO", "bb1:tn.24", "black", [ "v27", "h-219.6", "v57.7" ] ],
    [ "relay2:VCC", "bb1:tp.23", "red", [ "h0" ] ],
    [ "relay2:GND", "bb1:tn.23", "black", [ "h-115.2", "v162.9" ] ],
    [ "relay2:IN", "uno:10", "white", [ "v-0.2", "h-585.7" ] ],
    [ "led2:C", "relay2:COM", "black", [ "v0" ] ],
    [ "relay2:NO", "bb1:tn.23", "black", [ "v27", "h-229.2", "v124.9" ] ],
    [ "led2:A", "bb1:tp.25", "red", [ "v0" ] ],
    [ "btn1:1.l", "bb1:3t.e", "", [ "$bb" ] ],
    [ "btn1:2.l", "bb1:1t.e", "", [ "$bb" ] ],
    [ "btn1:1.r", "bb1:3b.f", "", [ "$bb" ] ],
    [ "btn1:2.r", "bb1:1b.f", "", [ "$bb" ] ],
    [ "btn2:1.l", "bb1:6t.e", "", [ "$bb" ] ],
    [ "btn2:2.l", "bb1:4t.e", "", [ "$bb" ] ],
    [ "btn2:1.r", "bb1:6b.f", "", [ "$bb" ] ],
    [ "btn2:2.r", "bb1:4b.f", "", [ "$bb" ] ],
    [ "btn4:1.l", "bb1:15t.e", "", [ "$bb" ] ],
    [ "btn4:2.l", "bb1:13t.e", "", [ "$bb" ] ],
    [ "btn4:1.r", "bb1:15b.f", "", [ "$bb" ] ],
    [ "btn4:2.r", "bb1:13b.f", "", [ "$bb" ] ],
    [ "btn5:1.l", "bb1:18t.e", "", [ "$bb" ] ],
    [ "btn5:2.l", "bb1:16t.e", "", [ "$bb" ] ],
    [ "btn5:1.r", "bb1:18b.f", "", [ "$bb" ] ],
    [ "btn5:2.r", "bb1:16b.f", "", [ "$bb" ] ],
    [ "r1:1", "bb1:3b.h", "", [ "$bb" ] ],
    [ "r1:2", "bb1:bn.2", "", [ "$bb" ] ],
    [ "r2:1", "bb1:6b.h", "", [ "$bb" ] ],
    [ "r2:2", "bb1:bn.5", "", [ "$bb" ] ],
    [ "r3:1", "bb1:9b.h", "", [ "$bb" ] ],
    [ "r3:2", "bb1:bn.7", "", [ "$bb" ] ],
    [ "r4:1", "bb1:15b.h", "", [ "$bb" ] ],
    [ "r4:2", "bb1:bn.12", "", [ "$bb" ] ],
    [ "r5:1", "bb1:18b.h", "", [ "$bb" ] ],
    [ "r5:2", "bb1:bn.15", "", [ "$bb" ] ],
    [ "btn3:1.l", "bb1:9t.e", "", [ "$bb" ] ],
    [ "btn3:2.l", "bb1:7t.e", "", [ "$bb" ] ],
    [ "btn3:1.r", "bb1:9b.f", "", [ "$bb" ] ],
    [ "btn3:2.r", "bb1:7b.f", "", [ "$bb" ] ]
  ],
  "dependencies": {}
}